<?xml version="1.0" encoding="utf-8"?>
<?xml-stylesheet type='text/xsl' href='ConversionLogFile.xsl'?>
<LogFile projectName="fraiseuse_Sabouri" typeText="Type" messageText="Message" timeText="Time">
  <MessageCell ServiceId="80" MessageId="30" MessageClass="Information" Timestamp="12/3/2021 11:26:30 AM">
    <Number ServiceNumber="80" MessageNumber="30" />
    <Text FeedbackText="Upgrade started" />
    <Help HelpId="-1" />
  </MessageCell>
  <Details ServiceId="80" MessageId="30" Timestamp="12/3/2021 11:26:31 AM" Debug="false">
    <Text>Reorganization succeed!</Text>
  </Details>
  <MessageCell ServiceId="80" MessageId="30" MessageClass="Information" Timestamp="12/3/2021 11:26:31 AM">
    <Number ServiceNumber="80" MessageNumber="30" />
    <Text FeedbackText="CheckRepair lost+found objects" />
    <Help HelpId="-1" />
  </MessageCell>
  <Details ServiceId="80" MessageId="30" Timestamp="12/3/2021 11:26:33 AM" Debug="false">
    <Text>No error is detected.</Text>
  </Details>
  <MessageCell ServiceId="80" MessageId="30" MessageClass="Information" Timestamp="12/3/2021 11:26:33 AM">
    <Number ServiceNumber="80" MessageNumber="30" />
    <Text FeedbackText="CheckRepair missing bidirectional links" />
    <Help HelpId="-1" />
  </MessageCell>
  <Details ServiceId="80" MessageId="30" Timestamp="12/3/2021 11:26:34 AM" Debug="false">
    <Text>No error is detected.</Text>
  </Details>
  <MessageCell ServiceId="80" MessageId="30" MessageClass="Information" Timestamp="12/3/2021 11:26:34 AM">
    <Number ServiceNumber="80" MessageNumber="30" />
    <Text FeedbackText="CheckRepair clear segment flags" />
    <Help HelpId="-1" />
  </MessageCell>
  <Details ServiceId="80" MessageId="30" Timestamp="12/3/2021 11:26:34 AM" Debug="false">
    <Text>No error is detected.</Text>
  </Details>
  <Details ServiceId="80" MessageId="30" Timestamp="12/3/2021 11:26:47 AM" Debug="false">
    <Text>HmiConvert: Started conversion section.</Text>
  </Details>
  <Details ServiceId="80" MessageId="30" Timestamp="12/3/2021 11:26:47 AM" Debug="false">
    <Text>HmiConvert: Starting conversion step &lt;Siemens.Simatic.Hmi.Device.DeviceManagers.Scan:Siemens.Simatic.Hmi.Utah.Device.Upgrade.DeviceConverter.ConvertHmiDeviceToV15&gt;.</Text>
  </Details>
  <Details ServiceId="80" MessageId="30" Timestamp="12/3/2021 11:26:47 AM" Debug="false">
    <Text>HmiConvert: Finished conversion step &lt;Siemens.Simatic.Hmi.Device.DeviceManagers.Scan:Siemens.Simatic.Hmi.Utah.Device.Upgrade.DeviceConverter.ConvertHmiDeviceToV15&gt;.</Text>
  </Details>
  <Details ServiceId="80" MessageId="30" Timestamp="12/3/2021 11:26:47 AM" Debug="false">
    <Text>HmiConvert: Starting conversion step &lt;Siemens.Simatic.Hmi.Styles.Managers.Scan:Siemens.Simatic.Hmi.Utah.Styles.HmiStyleConverter.ConvertHmiStyleFromV14ToV16&gt;.</Text>
  </Details>
  <Details ServiceId="80" MessageId="30" Timestamp="12/3/2021 11:26:47 AM" Debug="false">
    <Text>HmiConvert: Finished conversion step &lt;Siemens.Simatic.Hmi.Styles.Managers.Scan:Siemens.Simatic.Hmi.Utah.Styles.HmiStyleConverter.ConvertHmiStyleFromV14ToV16&gt;.</Text>
  </Details>
  <Details ServiceId="80" MessageId="30" Timestamp="12/3/2021 11:26:47 AM" Debug="false">
    <Text>HmiConvert is waiting for external dependency: Siemens.Simatic.Lang.SPLConvert</Text>
  </Details>
  <MessageCell ServiceId="80" MessageId="30" MessageClass="Warning" Timestamp="12/3/2021 11:26:50 AM">
    <Number ServiceNumber="80" MessageNumber="30" />
    <Text FeedbackText="Project element: '\PLC_1\ProgramBlocksFolder\Main' - Checksum inconsistency for 'General; Event'." />
    <Help HelpId="-1" />
  </MessageCell>
  <MessageCell ServiceId="80" MessageId="30" MessageClass="Warning" Timestamp="12/3/2021 11:26:50 AM">
    <Number ServiceNumber="80" MessageNumber="30" />
    <Text FeedbackText="Project element: '\PLC_1\ProgramBlocksFolder\Startup' - Checksum inconsistency for 'Code; General; Event'." />
    <Help HelpId="-1" />
  </MessageCell>
  <Details ServiceId="80" MessageId="30" Timestamp="12/3/2021 11:26:51 AM" Debug="false">
    <Text>HmiConvert: Started conversion section.</Text>
  </Details>
  <Details ServiceId="80" MessageId="30" Timestamp="12/3/2021 11:26:51 AM" Debug="false">
    <Text>HmiConvert: Starting conversion step &lt;Siemens.Simatic.Hmi.Tag.Managers.Scan:Siemens.Simatic.Hmi.Utah.Tag.V13AndV14TagsRepairer.RepairV13AndV14Tags&gt;.</Text>
  </Details>
  <Details ServiceId="80" MessageId="30" Timestamp="12/3/2021 11:26:51 AM" Debug="false">
    <Text>HmiConvert: Finished conversion step &lt;Siemens.Simatic.Hmi.Tag.Managers.Scan:Siemens.Simatic.Hmi.Utah.Tag.V13AndV14TagsRepairer.RepairV13AndV14Tags&gt;.</Text>
  </Details>
  <Details ServiceId="80" MessageId="30" Timestamp="12/3/2021 11:26:51 AM" Debug="false">
    <Text>HmiConvert: Starting conversion step &lt;Siemens.Simatic.Hmi.Communication.Managers.Scan:Siemens.Simatic.Hmi.Utah.Communication.AddressTypeSafeConverter.ConvertTypeSafeAddress&gt;.</Text>
  </Details>
  <Details ServiceId="80" MessageId="30" Timestamp="12/3/2021 11:26:51 AM" Debug="false">
    <Text>HmiConvert: Finished conversion step &lt;Siemens.Simatic.Hmi.Communication.Managers.Scan:Siemens.Simatic.Hmi.Utah.Communication.AddressTypeSafeConverter.ConvertTypeSafeAddress&gt;.</Text>
  </Details>
  <Details ServiceId="80" MessageId="30" Timestamp="12/3/2021 11:26:51 AM" Debug="false">
    <Text>HmiConvert: Starting conversion step &lt;Siemens.Simatic.Hmi.Communication.Managers.Scan:Siemens.Simatic.Hmi.Utah.Communication.OpcUaConverter.ConvertConnectionScadaOpcUa&gt;.</Text>
  </Details>
  <Details ServiceId="80" MessageId="30" Timestamp="12/3/2021 11:26:51 AM" Debug="false">
    <Text>HmiConvert: Finished conversion step &lt;Siemens.Simatic.Hmi.Communication.Managers.Scan:Siemens.Simatic.Hmi.Utah.Communication.OpcUaConverter.ConvertConnectionScadaOpcUa&gt;.</Text>
  </Details>
  <Details ServiceId="80" MessageId="30" Timestamp="12/3/2021 11:26:51 AM" Debug="false">
    <Text>HmiConvert: Starting conversion step &lt;Siemens.Simatic.Hmi.Communication.Managers.Scan:Siemens.Simatic.Hmi.Utah.Communication.HmiConnectionAutoRepairer.HmiConnectionAutoRepairs&gt;.</Text>
  </Details>
  <Details ServiceId="80" MessageId="30" Timestamp="12/3/2021 11:26:51 AM" Debug="false">
    <Text>HmiConvert: Finished conversion step &lt;Siemens.Simatic.Hmi.Communication.Managers.Scan:Siemens.Simatic.Hmi.Utah.Communication.HmiConnectionAutoRepairer.HmiConnectionAutoRepairs&gt;.</Text>
  </Details>
  <Details ServiceId="80" MessageId="30" Timestamp="12/3/2021 11:26:51 AM" Debug="false">
    <Text>HmiConvert: Starting conversion step &lt;Siemens.Simatic.Hmi.Alarm.Managers.Scan:Siemens.Simatic.Hmi.Utah.Alarm.MissingHmiControllerAlarmConverter.RepairHmiControllerAlarm&gt;.</Text>
  </Details>
  <Details ServiceId="80" MessageId="30" Timestamp="12/3/2021 11:26:51 AM" Debug="false">
    <Text>HmiConvert: Finished conversion step &lt;Siemens.Simatic.Hmi.Alarm.Managers.Scan:Siemens.Simatic.Hmi.Utah.Alarm.MissingHmiControllerAlarmConverter.RepairHmiControllerAlarm&gt;.</Text>
  </Details>
  <Details ServiceId="80" MessageId="30" Timestamp="12/3/2021 11:26:51 AM" Debug="false">
    <Text>HmiConvert: Starting conversion step &lt;Siemens.Simatic.Hmi.Globalization.Managers.Scan:Siemens.Simatic.Hmi.Utah.Globalization.NotUsedTextCategoryDeleter.DeleteNotUsedTextCategoriesInLibraryContext&gt;.</Text>
  </Details>
  <Details ServiceId="80" MessageId="30" Timestamp="12/3/2021 11:26:51 AM" Debug="false">
    <Text>HmiConvert: Finished conversion step &lt;Siemens.Simatic.Hmi.Globalization.Managers.Scan:Siemens.Simatic.Hmi.Utah.Globalization.NotUsedTextCategoryDeleter.DeleteNotUsedTextCategoriesInLibraryContext&gt;.</Text>
  </Details>
  <Details ServiceId="80" MessageId="30" Timestamp="12/3/2021 11:26:51 AM" Debug="false">
    <Text>HmiConvert: Starting conversion step &lt;Siemens.Simatic.Hmi.Globalization.Managers.Scan:Siemens.Simatic.Hmi.Utah.Globalization.TrefTextCategoryReplacer.TurnTRefCategoriesIntoRealOnes&gt;.</Text>
  </Details>
  <Details ServiceId="80" MessageId="30" Timestamp="12/3/2021 11:26:51 AM" Debug="false">
    <Text>HmiConvert: Finished conversion step &lt;Siemens.Simatic.Hmi.Globalization.Managers.Scan:Siemens.Simatic.Hmi.Utah.Globalization.TrefTextCategoryReplacer.TurnTRefCategoriesIntoRealOnes&gt;.</Text>
  </Details>
  <Details ServiceId="80" MessageId="30" Timestamp="12/3/2021 11:26:51 AM" Debug="false">
    <Text>HmiConvert: Starting conversion step &lt;Siemens.Simatic.Hmi.Globalization.Managers.Scan:Siemens.Simatic.Hmi.Utah.Globalization.CommentCategoryRepairer.RepairCommentCategoryLinks&gt;.</Text>
  </Details>
  <Details ServiceId="80" MessageId="30" Timestamp="12/3/2021 11:26:51 AM" Debug="false">
    <Text>HmiConvert: Finished conversion step &lt;Siemens.Simatic.Hmi.Globalization.Managers.Scan:Siemens.Simatic.Hmi.Utah.Globalization.CommentCategoryRepairer.RepairCommentCategoryLinks&gt;.</Text>
  </Details>
  <Details ServiceId="80" MessageId="30" Timestamp="12/3/2021 11:26:51 AM" Debug="false">
    <Text>HmiConvert: Starting conversion step &lt;Siemens.Simatic.Hmi.Globalization.Managers.Scan:Siemens.Simatic.Hmi.Utah.Globalization.HmiTextDataCategoryNameConvert.RepairTextCategoryName&gt;.</Text>
  </Details>
  <Details ServiceId="80" MessageId="30" Timestamp="12/3/2021 11:26:51 AM" Debug="false">
    <Text>HmiConvert: Finished conversion step &lt;Siemens.Simatic.Hmi.Globalization.Managers.Scan:Siemens.Simatic.Hmi.Utah.Globalization.HmiTextDataCategoryNameConvert.RepairTextCategoryName&gt;.</Text>
  </Details>
  <Details ServiceId="80" MessageId="30" Timestamp="12/3/2021 11:26:51 AM" Debug="false">
    <Text>HmiConvert: Starting conversion step &lt;Siemens.Simatic.Hmi.GraphX.GraphXManagers.Scan:Siemens.Simatic.Hmi.Utah.GraphX.PhaseConverter.DeleteTextFromGroups&gt;.</Text>
  </Details>
  <Details ServiceId="80" MessageId="30" Timestamp="12/3/2021 11:26:51 AM" Debug="false">
    <Text>HmiConvert: Finished conversion step &lt;Siemens.Simatic.Hmi.GraphX.GraphXManagers.Scan:Siemens.Simatic.Hmi.Utah.GraphX.PhaseConverter.DeleteTextFromGroups&gt;.</Text>
  </Details>
  <Details ServiceId="80" MessageId="30" Timestamp="12/3/2021 11:26:51 AM" Debug="false">
    <Text>HmiConvert: Starting conversion step &lt;Siemens.Simatic.Hmi.GraphX.GraphXManagers.Scan:Siemens.Simatic.Hmi.Utah.GraphX.PhaseConverter.RepairPointsCollectionOfScreenItems&gt;.</Text>
  </Details>
  <Details ServiceId="80" MessageId="30" Timestamp="12/3/2021 11:26:51 AM" Debug="false">
    <Text>HmiConvert: Finished conversion step &lt;Siemens.Simatic.Hmi.GraphX.GraphXManagers.Scan:Siemens.Simatic.Hmi.Utah.GraphX.PhaseConverter.RepairPointsCollectionOfScreenItems&gt;.</Text>
  </Details>
  <Details ServiceId="80" MessageId="30" Timestamp="12/3/2021 11:26:51 AM" Debug="false">
    <Text>HmiConvert: Starting conversion step &lt;Siemens.Simatic.Hmi.ScreenModules.Managers.Scan:Siemens.Simatic.Hmi.Utah.Modules.ScreenModules.PhaseConverter.BlockUpgradeForC0013Error&gt;.</Text>
  </Details>
  <Details ServiceId="80" MessageId="30" Timestamp="12/3/2021 11:26:51 AM" Debug="false">
    <Text>HmiConvert: Finished conversion step &lt;Siemens.Simatic.Hmi.ScreenModules.Managers.Scan:Siemens.Simatic.Hmi.Utah.Modules.ScreenModules.PhaseConverter.BlockUpgradeForC0013Error&gt;.</Text>
  </Details>
  <Details ServiceId="80" MessageId="30" Timestamp="12/3/2021 11:26:51 AM" Debug="false">
    <Text>HmiConvert: Starting conversion step &lt;Siemens.Simatic.Hmi.ScreenModules.Managers.Scan:Siemens.Simatic.Hmi.Utah.Modules.ScreenModules.PropertiesConverter.RepairAuthorizationPropertyInModuleDevice&gt;.</Text>
  </Details>
  <Details ServiceId="80" MessageId="30" Timestamp="12/3/2021 11:26:51 AM" Debug="false">
    <Text>HmiConvert: Finished conversion step &lt;Siemens.Simatic.Hmi.ScreenModules.Managers.Scan:Siemens.Simatic.Hmi.Utah.Modules.ScreenModules.PropertiesConverter.RepairAuthorizationPropertyInModuleDevice&gt;.</Text>
  </Details>
  <Details ServiceId="80" MessageId="30" Timestamp="12/3/2021 11:26:51 AM" Debug="false">
    <Text>HmiConvert: Starting conversion step &lt;Siemens.Simatic.Hmi.ScreenModules.Managers.Scan:Siemens.Simatic.Hmi.Utah.Modules.ScreenModules.PhaseConverter.RepairGroupBoundsTables&gt;.</Text>
  </Details>
  <Details ServiceId="80" MessageId="30" Timestamp="12/3/2021 11:26:51 AM" Debug="false">
    <Text>HmiConvert: Finished conversion step &lt;Siemens.Simatic.Hmi.ScreenModules.Managers.Scan:Siemens.Simatic.Hmi.Utah.Modules.ScreenModules.PhaseConverter.RepairGroupBoundsTables&gt;.</Text>
  </Details>
  <Details ServiceId="80" MessageId="30" Timestamp="12/3/2021 11:26:51 AM" Debug="false">
    <Text>HmiConvert: Starting conversion step &lt;Siemens.Simatic.Hmi.ScreenModules.Managers.Scan:Siemens.Simatic.Hmi.Utah.Modules.ScreenModules.PhaseConverter.RepairScreenModuleTagNames&gt;.</Text>
  </Details>
  <Details ServiceId="80" MessageId="30" Timestamp="12/3/2021 11:26:51 AM" Debug="false">
    <Text>HmiConvert: Finished conversion step &lt;Siemens.Simatic.Hmi.ScreenModules.Managers.Scan:Siemens.Simatic.Hmi.Utah.Modules.ScreenModules.PhaseConverter.RepairScreenModuleTagNames&gt;.</Text>
  </Details>
  <Details ServiceId="80" MessageId="30" Timestamp="12/3/2021 11:26:51 AM" Debug="false">
    <Text>HmiConvert: Starting conversion step &lt;Siemens.Simatic.Hmi.GraphX.GraphXManagers.Scan:Siemens.Simatic.Hmi.Utah.GraphX.PhaseConverter.RemoveInvisibleSoftkeysConverter&gt;.</Text>
  </Details>
  <Details ServiceId="80" MessageId="30" Timestamp="12/3/2021 11:26:51 AM" Debug="false">
    <Text>HmiConvert: Finished conversion step &lt;Siemens.Simatic.Hmi.GraphX.GraphXManagers.Scan:Siemens.Simatic.Hmi.Utah.GraphX.PhaseConverter.RemoveInvisibleSoftkeysConverter&gt;.</Text>
  </Details>
  <Details ServiceId="80" MessageId="30" Timestamp="12/3/2021 11:26:51 AM" Debug="false">
    <Text>HmiConvert: Starting conversion step &lt;Siemens.Simatic.Hmi.GraphX.GraphXManagers.Scan:Siemens.Simatic.Hmi.Utah.GraphX.PhaseConverter.RemoveDuplicateSoftKeysConverter&gt;.</Text>
  </Details>
  <Details ServiceId="80" MessageId="30" Timestamp="12/3/2021 11:26:51 AM" Debug="false">
    <Text>HmiConvert: Finished conversion step &lt;Siemens.Simatic.Hmi.GraphX.GraphXManagers.Scan:Siemens.Simatic.Hmi.Utah.GraphX.PhaseConverter.RemoveDuplicateSoftKeysConverter&gt;.</Text>
  </Details>
  <Details ServiceId="80" MessageId="30" Timestamp="12/3/2021 11:26:51 AM" Debug="false">
    <Text>HmiConvert: Starting conversion step &lt;Siemens.Simatic.Hmi.GraphX.GraphXManagers.Scan:Siemens.Simatic.Hmi.Utah.GraphX.PhaseConverter.RemoveHmiTextsInSoftKeysConverter&gt;.</Text>
  </Details>
  <Details ServiceId="80" MessageId="30" Timestamp="12/3/2021 11:26:51 AM" Debug="false">
    <Text>HmiConvert: Finished conversion step &lt;Siemens.Simatic.Hmi.GraphX.GraphXManagers.Scan:Siemens.Simatic.Hmi.Utah.GraphX.PhaseConverter.RemoveHmiTextsInSoftKeysConverter&gt;.</Text>
  </Details>
  <Details ServiceId="80" MessageId="30" Timestamp="12/3/2021 11:26:51 AM" Debug="false">
    <Text>HmiConvert: Starting conversion step &lt;Siemens.Simatic.Hmi.GraphX.GraphXManagers.Scan:Siemens.Simatic.Hmi.Utah.GraphX.OrphanedScreenUdtVersionInstance.Repair&gt;.</Text>
  </Details>
  <Details ServiceId="80" MessageId="30" Timestamp="12/3/2021 11:26:51 AM" Debug="false">
    <Text>HmiConvert: Finished conversion step &lt;Siemens.Simatic.Hmi.GraphX.GraphXManagers.Scan:Siemens.Simatic.Hmi.Utah.GraphX.OrphanedScreenUdtVersionInstance.Repair&gt;.</Text>
  </Details>
  <Details ServiceId="80" MessageId="30" Timestamp="12/3/2021 11:26:51 AM" Debug="false">
    <Text>HmiConvert: Starting conversion step &lt;Siemens.Simatic.Hmi.GraphX.Controls.Managers.Scan:Siemens.Simatic.Hmi.Utah.GraphX.Controls.ProDiagPhaseConverter.AddToolbarButtons&gt;.</Text>
  </Details>
  <Details ServiceId="80" MessageId="30" Timestamp="12/3/2021 11:26:51 AM" Debug="false">
    <Text>HmiConvert: Finished conversion step &lt;Siemens.Simatic.Hmi.GraphX.Controls.Managers.Scan:Siemens.Simatic.Hmi.Utah.GraphX.Controls.ProDiagPhaseConverter.AddToolbarButtons&gt;.</Text>
  </Details>
  <Details ServiceId="80" MessageId="30" Timestamp="12/3/2021 11:26:51 AM" Debug="false">
    <Text>HmiConvert: Starting conversion step &lt;Siemens.Simatic.Hmi.GraphX.Controls.Managers.Scan:Siemens.Simatic.Hmi.Utah.GraphX.Controls.ProDiagPhaseConverter.RepairToolbarButtons&gt;.</Text>
  </Details>
  <Details ServiceId="80" MessageId="30" Timestamp="12/3/2021 11:26:51 AM" Debug="false">
    <Text>HmiConvert: Finished conversion step &lt;Siemens.Simatic.Hmi.GraphX.Controls.Managers.Scan:Siemens.Simatic.Hmi.Utah.GraphX.Controls.ProDiagPhaseConverter.RepairToolbarButtons&gt;.</Text>
  </Details>
  <Details ServiceId="80" MessageId="30" Timestamp="12/3/2021 11:26:51 AM" Debug="false">
    <Text>HmiConvert: Starting conversion step &lt;Siemens.Simatic.Hmi.Recipe.Managers.Scan:Siemens.Simatic.Hmi.Utah.Recipe.RecipeConverter.ConvertRecipe&gt;.</Text>
  </Details>
  <Details ServiceId="80" MessageId="30" Timestamp="12/3/2021 11:26:51 AM" Debug="false">
    <Text>HmiConvert: Finished conversion step &lt;Siemens.Simatic.Hmi.Recipe.Managers.Scan:Siemens.Simatic.Hmi.Utah.Recipe.RecipeConverter.ConvertRecipe&gt;.</Text>
  </Details>
  <Details ServiceId="80" MessageId="30" Timestamp="12/3/2021 11:26:51 AM" Debug="false">
    <Text>HmiConvert: Starting conversion step &lt;Siemens.Simatic.Hmi.Logging.Managers.Scan:Siemens.Simatic.Hmi.Utah.Logging.LoggingTagConverter.RemoveInvalidTRefs&gt;.</Text>
  </Details>
  <Details ServiceId="80" MessageId="30" Timestamp="12/3/2021 11:26:51 AM" Debug="false">
    <Text>HmiConvert: Finished conversion step &lt;Siemens.Simatic.Hmi.Logging.Managers.Scan:Siemens.Simatic.Hmi.Utah.Logging.LoggingTagConverter.RemoveInvalidTRefs&gt;.</Text>
  </Details>
  <Details ServiceId="80" MessageId="30" Timestamp="12/3/2021 11:26:51 AM" Debug="false">
    <Text>HmiConvert: Starting conversion step &lt;Siemens.Simatic.Hmi.GraphX.GraphXManagers.Scan:Siemens.Simatic.Hmi.Utah.GraphX.ChainedListConverter.ConvertFixScreenChainedList&gt;.</Text>
  </Details>
  <Details ServiceId="80" MessageId="30" Timestamp="12/3/2021 11:26:51 AM" Debug="false">
    <Text>HmiConvert: Finished conversion step &lt;Siemens.Simatic.Hmi.GraphX.GraphXManagers.Scan:Siemens.Simatic.Hmi.Utah.GraphX.ChainedListConverter.ConvertFixScreenChainedList&gt;.</Text>
  </Details>
  <Details ServiceId="80" MessageId="30" Timestamp="12/3/2021 11:26:51 AM" Debug="false">
    <Text>HmiConvert: Starting conversion step &lt;Siemens.Simatic.Hmi.Globalization.Managers.Scan:Siemens.Simatic.Hmi.Utah.Globalization.ImageConvert.RepairCrossEnvironmentLinks&gt;.</Text>
  </Details>
  <Details ServiceId="80" MessageId="30" Timestamp="12/3/2021 11:26:51 AM" Debug="false">
    <Text>HmiConvert: Finished conversion step &lt;Siemens.Simatic.Hmi.Globalization.Managers.Scan:Siemens.Simatic.Hmi.Utah.Globalization.ImageConvert.RepairCrossEnvironmentLinks&gt;.</Text>
  </Details>
  <Details ServiceId="80" MessageId="30" Timestamp="12/3/2021 11:26:51 AM" Debug="false">
    <Text>HmiConvert: Starting conversion step &lt;Siemens.Simatic.Hmi.Scripting.Managers.Scan:Siemens.Simatic.Hmi.Utah.Scripting.FunctionListConverter.DeleteFunctionListsWithoutParent&gt;.</Text>
  </Details>
  <Details ServiceId="80" MessageId="30" Timestamp="12/3/2021 11:26:51 AM" Debug="false">
    <Text>HmiConvert: Finished conversion step &lt;Siemens.Simatic.Hmi.Scripting.Managers.Scan:Siemens.Simatic.Hmi.Utah.Scripting.FunctionListConverter.DeleteFunctionListsWithoutParent&gt;.</Text>
  </Details>
  <Details ServiceId="80" MessageId="30" Timestamp="12/3/2021 11:26:51 AM" Debug="false">
    <Text>HmiConvert: Starting conversion step &lt;Siemens.Simatic.Hmi.Tag.Managers.Scan:Siemens.Simatic.Hmi.BL.Tag.CheckRepair.Impl.CheckRepairErroneouslyCreatedSystemTagCopies.RemoveErroneouslyCreatedSystemTagCopies&gt;.</Text>
  </Details>
  <Details ServiceId="80" MessageId="30" Timestamp="12/3/2021 11:26:51 AM" Debug="false">
    <Text>HmiConvert: Finished conversion step &lt;Siemens.Simatic.Hmi.Tag.Managers.Scan:Siemens.Simatic.Hmi.BL.Tag.CheckRepair.Impl.CheckRepairErroneouslyCreatedSystemTagCopies.RemoveErroneouslyCreatedSystemTagCopies&gt;.</Text>
  </Details>
  <Details ServiceId="80" MessageId="30" Timestamp="12/3/2021 11:26:51 AM" Debug="false">
    <Text>HmiConvert: Starting conversion step &lt;Siemens.Simatic.Hmi.ScreenModules.Managers.Scan:Siemens.Simatic.Hmi.Utah.Modules.ScreenModules.PhaseConverter.MoveFontListsToDeviceLevel&gt;.</Text>
  </Details>
  <Details ServiceId="80" MessageId="30" Timestamp="12/3/2021 11:26:51 AM" Debug="false">
    <Text>HmiConvert: Finished conversion step &lt;Siemens.Simatic.Hmi.ScreenModules.Managers.Scan:Siemens.Simatic.Hmi.Utah.Modules.ScreenModules.PhaseConverter.MoveFontListsToDeviceLevel&gt;.</Text>
  </Details>
  <Details ServiceId="80" MessageId="30" Timestamp="12/3/2021 11:26:51 AM" Debug="false">
    <Text>HmiConvert: Starting conversion step &lt;Siemens.Simatic.Hmi.RuntimeIT.Managers.Scan:Siemens.Simatic.Hmi.Utah.RTSecurity.Upgrade.HmiRtSecurityRepair.RepairRtUserPasswordHash&gt;.</Text>
  </Details>
  <Details ServiceId="80" MessageId="30" Timestamp="12/3/2021 11:26:51 AM" Debug="false">
    <Text>HmiConvert: Finished conversion step &lt;Siemens.Simatic.Hmi.RuntimeIT.Managers.Scan:Siemens.Simatic.Hmi.Utah.RTSecurity.Upgrade.HmiRtSecurityRepair.RepairRtUserPasswordHash&gt;.</Text>
  </Details>
  <Details ServiceId="80" MessageId="30" Timestamp="12/3/2021 11:26:51 AM" Debug="false">
    <Text>HmiConvert: Starting conversion step &lt;Siemens.Simatic.Hmi.Globalization.Managers.Scan:Siemens.Simatic.Hmi.Utah.Globalization.TextRepairForConvert.TextsRepairInHmiBusinessLogicLevel&gt;.</Text>
  </Details>
  <Details ServiceId="80" MessageId="30" Timestamp="12/3/2021 11:26:51 AM" Debug="false">
    <Text>HmiConvert: Finished conversion step &lt;Siemens.Simatic.Hmi.Globalization.Managers.Scan:Siemens.Simatic.Hmi.Utah.Globalization.TextRepairForConvert.TextsRepairInHmiBusinessLogicLevel&gt;.</Text>
  </Details>
  <Details ServiceId="80" MessageId="30" Timestamp="12/3/2021 11:26:51 AM" Debug="false">
    <Text>HmiConvert: Starting conversion step &lt;Siemens.Simatic.Hmi.Globalization.Managers.Scan:Siemens.Simatic.Hmi.Utah.Globalization.FontConvert.RepairCrossEnvironmentLinksViaHmiBl&gt;.</Text>
  </Details>
  <Details ServiceId="80" MessageId="30" Timestamp="12/3/2021 11:26:51 AM" Debug="false">
    <Text>HmiConvert: Finished conversion step &lt;Siemens.Simatic.Hmi.Globalization.Managers.Scan:Siemens.Simatic.Hmi.Utah.Globalization.FontConvert.RepairCrossEnvironmentLinksViaHmiBl&gt;.</Text>
  </Details>
  <Details ServiceId="80" MessageId="30" Timestamp="12/3/2021 11:26:51 AM" Debug="false">
    <Text>HmiConvert: Starting conversion step &lt;Siemens.Simatic.Hmi.ScreenModules.Managers.Scan:Siemens.Simatic.Hmi.Utah.Modules.ScreenModules.PhaseConverterWithHmiBl.DeleteOrphanInterfaceConnections&gt;.</Text>
  </Details>
  <Details ServiceId="80" MessageId="30" Timestamp="12/3/2021 11:26:51 AM" Debug="false">
    <Text>HmiConvert: Finished conversion step &lt;Siemens.Simatic.Hmi.ScreenModules.Managers.Scan:Siemens.Simatic.Hmi.Utah.Modules.ScreenModules.PhaseConverterWithHmiBl.DeleteOrphanInterfaceConnections&gt;.</Text>
  </Details>
  <Details ServiceId="80" MessageId="30" Timestamp="12/3/2021 11:26:51 AM" Debug="false">
    <Text>HmiConvert: Starting conversion step &lt;Siemens.Simatic.Hmi.ScreenModules.Managers.Scan:Siemens.Simatic.Hmi.Utah.Modules.ScreenModules.PhaseConverterWithHmiBl.RepairInstanceKeyCache&gt;.</Text>
  </Details>
  <Details ServiceId="80" MessageId="30" Timestamp="12/3/2021 11:26:51 AM" Debug="false">
    <Text>HmiConvert: Finished conversion step &lt;Siemens.Simatic.Hmi.ScreenModules.Managers.Scan:Siemens.Simatic.Hmi.Utah.Modules.ScreenModules.PhaseConverterWithHmiBl.RepairInstanceKeyCache&gt;.</Text>
  </Details>
  <Details ServiceId="80" MessageId="30" Timestamp="12/3/2021 11:26:51 AM" Debug="false">
    <Text>HmiConvert: Starting conversion step &lt;Siemens.Simatic.Hmi.ScreenModules.Managers.Scan:Siemens.Simatic.Hmi.Utah.Modules.ScreenModules.PhaseConverterWithHmiBl.RepairInstanceHotKeys&gt;.</Text>
  </Details>
  <Details ServiceId="80" MessageId="30" Timestamp="12/3/2021 11:26:51 AM" Debug="false">
    <Text>HmiConvert: Finished conversion step &lt;Siemens.Simatic.Hmi.ScreenModules.Managers.Scan:Siemens.Simatic.Hmi.Utah.Modules.ScreenModules.PhaseConverterWithHmiBl.RepairInstanceHotKeys&gt;.</Text>
  </Details>
  <Details ServiceId="80" MessageId="30" Timestamp="12/3/2021 11:26:51 AM" Debug="false">
    <Text>HmiConvert: Starting conversion step &lt;Siemens.Simatic.Hmi.Tag.Managers.Scan:Siemens.Simatic.Hmi.Utah.Tag.RootTagConvertSynchronization.ResynchronizeRootTag&gt;.</Text>
  </Details>
  <Details ServiceId="80" MessageId="30" Timestamp="12/3/2021 11:26:52 AM" Debug="false">
    <Text>HmiConvert: Finished conversion step &lt;Siemens.Simatic.Hmi.Tag.Managers.Scan:Siemens.Simatic.Hmi.Utah.Tag.RootTagConvertSynchronization.ResynchronizeRootTag&gt;.</Text>
  </Details>
  <Details ServiceId="80" MessageId="30" Timestamp="12/3/2021 11:26:52 AM" Debug="false">
    <Text>HmiConvert: Starting conversion step &lt;Siemens.Simatic.Hmi.Alarm.Managers.Scan:Siemens.Simatic.Hmi.Utah.Alarm.AlarmDataConverterWithHmiBl.ConvertIntegratedAlarmClasses&gt;.</Text>
  </Details>
  <Details ServiceId="80" MessageId="30" Timestamp="12/3/2021 11:26:52 AM" Debug="false">
    <Text>HmiConvert: Finished conversion step &lt;Siemens.Simatic.Hmi.Alarm.Managers.Scan:Siemens.Simatic.Hmi.Utah.Alarm.AlarmDataConverterWithHmiBl.ConvertIntegratedAlarmClasses&gt;.</Text>
  </Details>
  <Details ServiceId="80" MessageId="30" Timestamp="12/3/2021 11:26:52 AM" Debug="false">
    <Text>HmiConvert: Starting conversion step &lt;Siemens.Simatic.Hmi.Alarm.Managers.Scan:Siemens.Simatic.Hmi.Utah.Alarm.AlarmPartnerIdConverter.RepairPartnerId&gt;.</Text>
  </Details>
  <Details ServiceId="80" MessageId="30" Timestamp="12/3/2021 11:26:52 AM" Debug="false">
    <Text>HmiConvert: Finished conversion step &lt;Siemens.Simatic.Hmi.Alarm.Managers.Scan:Siemens.Simatic.Hmi.Utah.Alarm.AlarmPartnerIdConverter.RepairPartnerId&gt;.</Text>
  </Details>
  <Details ServiceId="80" MessageId="30" Timestamp="12/3/2021 11:26:52 AM" Debug="false">
    <Text>HmiConvert: Starting conversion step &lt;Siemens.Simatic.Hmi.GraphX.GraphXManagers.Scan:Siemens.Simatic.Hmi.Utah.GraphX.PhaseConverter.RepairFontOfGroups&gt;.</Text>
  </Details>
  <Details ServiceId="80" MessageId="30" Timestamp="12/3/2021 11:26:52 AM" Debug="false">
    <Text>HmiConvert: Finished conversion step &lt;Siemens.Simatic.Hmi.GraphX.GraphXManagers.Scan:Siemens.Simatic.Hmi.Utah.GraphX.PhaseConverter.RepairFontOfGroups&gt;.</Text>
  </Details>
  <Details ServiceId="80" MessageId="30" Timestamp="12/3/2021 11:26:52 AM" Debug="false">
    <Text>HmiConvert: Starting conversion step &lt;Siemens.Simatic.Hmi.Styles.Managers.Scan:Siemens.Simatic.Hmi.Utah.Styles.HmiStyleConverter.RepairStylesAfterConvert&gt;.</Text>
  </Details>
  <Details ServiceId="80" MessageId="30" Timestamp="12/3/2021 11:26:52 AM" Debug="false">
    <Text>HmiConvert: Finished conversion step &lt;Siemens.Simatic.Hmi.Styles.Managers.Scan:Siemens.Simatic.Hmi.Utah.Styles.HmiStyleConverter.RepairStylesAfterConvert&gt;.</Text>
  </Details>
  <Details ServiceId="80" MessageId="30" Timestamp="12/3/2021 11:26:52 AM" Debug="false">
    <Text>HmiConvert: Finished conversion section.</Text>
  </Details>
  <MessageCell ServiceId="80" MessageId="30" MessageClass="Information" Timestamp="12/3/2021 11:26:53 AM">
    <Number ServiceNumber="80" MessageNumber="30" />
    <Text FeedbackText="The cross-reference information is being converted." />
    <Help HelpId="-1" />
  </MessageCell>
  <MessageCell ServiceId="80" MessageId="30" MessageClass="Information" Timestamp="12/3/2021 11:26:54 AM">
    <Number ServiceNumber="80" MessageNumber="30" />
    <Text FeedbackText="The cross-reference information was created successfully." />
    <Help HelpId="-1" />
  </MessageCell>
  <MessageCell ServiceId="80" MessageId="30" MessageClass="Information" Timestamp="12/3/2021 11:26:54 AM">
    <Number ServiceNumber="80" MessageNumber="30" />
    <Text FeedbackText="Conversion of the cross-reference information is finished." />
    <Help HelpId="-1" />
  </MessageCell>
  <Details ServiceId="80" MessageId="30" Timestamp="12/3/2021 11:26:54 AM" Debug="false">
    <Text>Package container 'Siemens.Simatic.Lang.S7BSW.V14.0.1.0.NonMandatory' was deleted</Text>
  </Details>
  <Details ServiceId="80" MessageId="30" Timestamp="12/3/2021 11:26:54 AM" Debug="false">
    <Text>Product version 'Siemens.Simatic.Hmi.Basic:14.00.01.00' was deleted</Text>
  </Details>
  <Details ServiceId="80" MessageId="30" Timestamp="12/3/2021 11:26:54 AM" Debug="false">
    <Text>Product version 'Siemens.Simatic.STEP7.Basic:14.00.01.00' was deleted</Text>
  </Details>
  <Details ServiceId="80" MessageId="30" Timestamp="12/3/2021 11:26:54 AM" Debug="false">
    <Text>Product version 'Siemens.Simatic.Portal:14.00.01.00' was deleted</Text>
  </Details>
  <MessageCell ServiceId="Automation-ObjectFrame-Feedbacks" MessageId="ConversionInfoTabProjectSucceeded" MessageClass="Success" Timestamp="12/3/2021 11:26:55 AM">
    <Number ServiceNumber="80" MessageNumber="34" />
    <Text FeedbackText="Project 'C:\Users\g53960\Desktop\fraiseuse_Sabouri\System\PEData.plf' was successfully upgraded and saved as project 'C:\Users\g53960\Desktop\fraiseuse_Sabouri_V17\System\PEData.plf'." />
    <Help HelpId="-1" HelpFile="" />
  </MessageCell>
  <MessageCell ServiceId="80" MessageId="30" MessageClass="Information" Timestamp="12/3/2021 11:26:55 AM">
    <Number ServiceNumber="80" MessageNumber="30" />
    <Text FeedbackText="FinalCheckRemainingErrors" />
    <Help HelpId="-1" />
  </MessageCell>
  <Details ServiceId="80" MessageId="30" Timestamp="12/3/2021 11:26:55 AM" Debug="false">
    <Text>No error is detected.</Text>
  </Details>
</LogFile>